ticker,begin,close,standclose,aligned
KMAZ,2019-11-01,56.2,-1.179515841847229,-1.0646959536908298
KMAZ,2019-11-05,56.5,-1.1642671594099319,-1.078297081972778
KMAZ,2019-11-06,56.6,-1.1591842652641662,-1.090877103806406
KMAZ,2019-11-07,57.0,-1.1388526886811035,-1.1024459596316092
KMAZ,2019-11-08,58.0,-1.0880237472234464,-1.1130135559412793
KMAZ,2019-11-11,57.6,-1.1083553238065091,-1.1225897652861931
KMAZ,2019-11-12,57.9,-1.093106641369212,-1.131184426270579
KMAZ,2019-11-13,57.4,-1.1185211120980407,-1.1388073435529122
KMAZ,2019-11-14,57.0,-1.1388526886811035,-1.1454682878480753
KMAZ,2019-11-15,56.9,-1.1439355828268691,-1.1511769959231515
KMAZ,2019-11-18,56.4,-1.1693500535556978,-1.1559431706034502
KMAZ,2019-11-19,56.9,-1.1439355828268691,-1.1597764807656858
KMAZ,2019-11-20,57.5,-1.1134382179522748,-1.1626865613461632
KMAZ,2019-11-21,57.5,-1.1134382179522748,-1.164683013328954
KMAZ,2019-11-22,57.7,-1.1032724296607432,-1.165775403760108
KMAZ,2019-11-25,57.5,-1.1134382179522748,-1.1659732657360564
KMAZ,2019-11-26,57.9,-1.093106641369212,-1.165286098408501
KMAZ,2019-11-27,57.9,-1.093106641369212,-1.1637233669872558
KMAZ,2019-11-28,57.8,-1.098189535514978,-1.1612945027311525
KMAZ,2019-11-29,57.8,-1.098189535514978,-1.1580089029604324
KMAZ,2019-12-02,57.6,-1.1083553238065091,-1.1538759310452633
KMAZ,2019-12-03,57.5,-1.1134382179522748,-1.1489049164129028
KMAZ,2019-12-04,57.2,-1.1286869003895719,-1.1431051545437185
KMAZ,2019-12-05,57.3,-1.1236040062438064,-1.1364859069751674
KMAZ,2019-12-06,57.9,-1.093106641369212,-1.1290564012982713
KMAZ,2019-12-09,57.7,-1.1032724296607432,-1.1208258311589816
KMAZ,2019-12-10,57.5,-1.1134382179522748,-1.1118033562572691
KMAZ,2019-12-11,57.5,-1.1134382179522748,-1.1019981023499668
KMAZ,2019-12-12,58.4,-1.0676921706403837,-1.0914191612470177
KMAZ,2019-12-13,58.5,-1.0626092764946178,-1.0800755908135216
KMAZ,2019-12-16,58.2,-1.0778579589319148,-1.0679764149696211
KMAZ,2019-12-17,58.6,-1.057526382348852,-1.055130623690502
KMAZ,2019-12-18,57.8,-1.098189535514978,-1.0415471730056538
KMAZ,2019-12-19,57.7,-1.1032724296607432,-1.0272349849998932
KMAZ,2019-12-20,57.3,-1.1236040062438064,-1.0122029478131935
KMAZ,2019-12-23,57.1,-1.1337697945353375,-0.9964599156378426
KMAZ,2019-12-24,56.8,-1.149018476972635,-0.9800147087254345
KMAZ,2019-12-25,57.3,-1.1236040062438064,-0.9628761133772628
KMAZ,2019-12-26,57.9,-1.093106641369212,-0.9450528819545525
KMAZ,2019-12-27,57.8,-1.098189535514978,-0.9265537328689106
KMAZ,2019-12-30,60.4,-0.9660342877250695,-0.9073873505896586
KMAZ,2020-01-03,69.5,-0.5034909204603903,-0.7286110665618821
KMAZ,2020-01-06,73.6,-0.2950922604839967,-0.581942207821271
KMAZ,2020-01-08,73.0,-0.32558962535859065,-0.4670648826850652
KMAZ,2020-01-09,70.3,-0.46282776729426484,-0.38366421475757306
KMAZ,2020-01-10,71.7,-0.3916672492535447,-0.33142634292732964
KMAZ,2020-01-13,72.3,-0.36116988437895076,-0.3100384213654479
KMAZ,2020-01-14,70.1,-0.4729935555857964,-0.3191886195300526
KMAZ,2020-01-15,70.0,-0.4780764497315618,-0.35856612216309713
KMAZ,2020-01-16,71.3,-0.4119988258366078,-0.4278611292904202
KMAZ,2020-01-17,72.0,-0.3764185668162477,-0.5267648562233376
KMAZ,2020-01-20,71.6,-0.3967501433993108,-0.6549695335583579
KMAZ,2020-01-21,70.9,-0.4323304024196702,-0.6278709145372545
KMAZ,2020-01-22,71.5,-0.40183303754507627,-0.6031334477563632
KMAZ,2020-01-23,69.1,-0.5238224970434534,-0.5807351406294288
KMAZ,2020-01-24,68.4,-0.5594027560638128,-0.5606540668486559
KMAZ,2020-01-27,64.8,-0.7423869453113786,-0.5428683663801621
KMAZ,2020-01-28,67.4,-0.6102316975214699,-0.5273562454677858
KMAZ,2020-01-29,68.0,-0.5797343326468759,-0.5140959766311539
KMAZ,2020-01-30,69.6,-0.49840802631462494,-0.5030658986652838
KMAZ,2020-01-31,67.8,-0.5899001209384075,-0.4942444166434825
KMAZ,2020-02-03,67.7,-0.5949830150841728,-0.48761000191313997
KMAZ,2020-02-04,68.1,-0.5746514385011104,-0.4831411920995379
KMAZ,2020-02-05,66.7,-0.6458119565418299,-0.4808165911028368
KMAZ,2020-02-06,66.7,-0.6458119565418299,-0.48061486910080475
KMAZ,2020-02-07,67.1,-0.6254803799587675,-0.48251476254614545
KMAZ,2020-02-10,68.5,-0.5543198619180474,-0.4864950741689995
KMAZ,2020-02-11,68.2,-0.5695685443553443,-0.49253467297478437
KMAZ,2020-02-12,67.8,-0.5899001209384075,-0.5006124942460133
KMAZ,2020-02-13,67.4,-0.6102316975214699,-0.5107075395411016
KMAZ,2020-02-14,67.7,-0.5949830150841728,-0.5227988766940825
KMAZ,2020-02-17,74.9,-0.229014636589042,-0.5368656398163694
KMAZ,2020-02-18,73.2,-0.3154238370670591,-0.5528870292949364
KMAZ,2020-02-19,72.1,-0.3713356726704823,-0.5708423117922621
KMAZ,2020-02-20,72.6,-0.34592120194165377,-0.5907108202490292
KMAZ,2020-02-21,72.4,-0.35608699023318463,-0.6124719538812826
KMAZ,2020-02-25,69.8,-0.48824223802309336,-0.6361051781799176
KMAZ,2020-02-26,68.9,-0.5339882853349843,-0.6615900249146307
KMAZ,2020-02-27,67.8,-0.5899001209384075,-0.688906092128633
KMAZ,2020-02-28,65.5,-0.7068066862910185,-0.7180330441436524
KMAZ,2020-03-02,66.1,-0.6763093214164245,-0.7489506115573192
KMAZ,2020-03-03,67.0,-0.630563274104533,-0.781638591241574
KMAZ,2020-03-04,67.6,-0.600065909229939,-0.8160768463468457
KMAZ,2020-03-05,66.7,-0.6458119565418299,-0.8522453062991815
KMAZ,2020-03-06,63.0,-0.8338790399351611,-0.8901239668000756
KMAZ,2020-03-10,58.4,-1.0676921706403837,-0.929692889828317
KMAZ,2020-03-11,59.4,-1.0168632291827266,-0.9709322036387107
KMAZ,2020-03-12,51.3,-1.4285776549897486,-1.0138221027613668
KMAZ,2020-03-13,52.9,-1.3472513486574973,-1.058342848003548
KMAZ,2020-03-16,51.5,-1.418411866698217,-1.1044747664490728
KMAZ,2020-03-17,48.4,-1.575981585216954,-1.1521982514570652
KMAZ,2020-03-18,44.0,-1.799628927630645,-1.2014937626642563
KMAZ,2020-03-19,49.9,-1.4997381730304684,-1.2523418259819152
KMAZ,2020-03-20,51.2,-1.433660549135514,-1.3047230335981794
KMAZ,2020-03-23,51.5,-1.418411866698217,-1.358618043978339
KMAZ,2020-03-24,52.8,-1.3523342428032632,-1.4140075818632738
KMAZ,2020-03-25,55.5,-1.215096100867589,-1.4161298421892639
KMAZ,2020-03-26,56.6,-1.1591842652641662,-1.4176941825457732
KMAZ,2020-03-27,53.8,-1.3015053013456062,-1.4187076991267986
KMAZ,2020-03-30,51.1,-1.43874344328128,-1.4191774567428297
KMAZ,2020-03-31,51.7,-1.4082460784066857,-1.419110488824117
KMAZ,2020-04-01,51.0,-1.4438263374270457,-1.4185137974158692
KMAZ,2020-04-02,50.9,-1.4489092315728114,-1.4173943531810949
KMAZ,2020-04-03,53.6,-1.3116710896371373,-1.415759095400702
KMAZ,2020-04-06,54.4,-1.2710079364710118,-1.4136149319718214
KMAZ,2020-04-07,54.8,-1.2506763598879491,-1.4109687394103645
KMAZ,2020-04-08,53.7,-1.3065881954913716,-1.4078273628472289
KMAZ,2020-04-09,54.1,-1.2862566189083087,-1.4041976160315386
KMAZ,2020-04-10,54.1,-1.2862566189083087,-1.4000862813308714
KMAZ,2020-04-13,54.2,-1.281173724762543,-1.395500109726811
KMAZ,2020-04-14,54.1,-1.2862566189083087,-1.3904458208225492
KMAZ,2020-04-15,52.0,-1.3929973959693887,-1.384930102834275
KMAZ,2020-04-16,53.1,-1.337085560365966,-1.3789596125981376
KMAZ,2020-04-17,53.0,-1.3421684545117316,-1.372540975566892
KMAZ,2020-04-20,52.6,-1.3625000310947943,-1.3656807858090048
KMAZ,2020-04-21,51.5,-1.418411866698217,-1.3583856060120922
KMAZ,2020-04-22,52.9,-1.3472513486574973,-1.3506619674801357
KMAZ,2020-04-23,54.0,-1.2913395130540746,-1.3425163701339926
KMAZ,2020-04-24,54.9,-1.2455934657421832,-1.3339552825125054
KMAZ,2020-04-27,55.2,-1.230344783304886,-1.3249851417705187
KMAZ,2020-04-28,55.8,-1.199847418430292,-1.3156123536821553
KMAZ,2020-04-29,55.5,-1.215096100867589,-1.3058432926369434
KMAZ,2020-04-30,55.5,-1.215096100867589,-1.2956843016417139
KMAZ,2020-05-04,55.1,-1.2354276774506516,-1.2851416923214032
KMAZ,2020-05-05,56.0,-1.1896816301387605,-1.2742217449171562
KMAZ,2020-05-06,55.6,-1.2100132067218232,-1.2629307082879677
KMAZ,2020-05-07,55.3,-1.2252618891591205,-1.2512747999102345
KMAZ,2020-05-08,56.0,-1.1896816301387605,-1.2392602058775424
KMAZ,2020-05-12,55.5,-1.215096100867589,-1.2268930808988046
KMAZ,2020-05-13,54.3,-1.2760908306167775,-1.214179548303278
KMAZ,2020-05-14,54.2,-1.281173724762543,-1.2011257000358633
KMAZ,2020-05-15,54.3,-1.2760908306167775,-1.1877375966572075
KMAZ,2020-05-18,55.2,-1.230344783304886,-1.1740212673478254
KMAZ,2020-05-19,54.7,-1.2557592540337146,-1.1599827099029305
KMAZ,2020-05-20,55.2,-1.230344783304886,-1.1456278907382433
KMAZ,2020-05-21,55.4,-1.2201789950133548,-1.1309627448826465
KMAZ,2020-05-22,55.0,-1.2405105715964175,-1.1159931759849542
KMAZ,2020-05-25,55.2,-1.230344783304886,-1.100725056311016
KMAZ,2020-05-26,55.6,-1.2100132067218232,-1.08516422674252
KMAZ,2020-05-27,55.3,-1.2252618891591205,-1.0693164967793223
KMAZ,2020-05-28,55.5,-1.215096100867589,-1.0768247955533687
KMAZ,2020-05-29,55.9,-1.1947645242845262,-1.08379073247354
KMAZ,2020-06-01,56.0,-1.1896816301387605,-1.0902211307195646
KMAZ,2020-06-02,60.6,-0.955868499433538,-1.096122782085816
KMAZ,2020-06-03,59.4,-1.0168632291827266,-1.1015024469852328
KMAZ,2020-06-04,58.3,-1.0727750647861494,-1.1063668544481864
KMAZ,2020-06-05,60.0,-0.9863658643081322,-1.1107227021214605
KMAZ,2020-06-08,59.4,-1.0168632291827266,-1.1145766562694241
KMAZ,2020-06-09,58.0,-1.0880237472234464,-1.117935351773557
KMAZ,2020-06-10,58.8,-1.047360594057321,-1.1208053921322971
KMAZ,2020-06-11,57.3,-1.1236040062438064,-1.1231933494622623
KMAZ,2020-06-15,58.6,-1.057526382348852,-1.1251057644956184
KMAZ,2020-06-16,57.8,-1.098189535514978,-1.1265491465835638
KMAZ,2020-06-17,57.7,-1.1032724296607432,-1.127529973693683
KMAZ,2020-06-18,57.3,-1.1236040062438064,-1.1280546924100534
KMAZ,2020-06-19,57.6,-1.1083553238065091,-1.128129717934904
KMAZ,2020-06-22,58.1,-1.0829408530776805,-1.1277614340874393
KMAZ,2020-06-23,57.4,-1.1185211120980407,-1.1269561933038403
KMAZ,2020-06-25,57.0,-1.1388526886811035,-1.1257203166379028
KMAZ,2020-06-26,57.0,-1.1388526886811035,-1.1240600937602139
KMAZ,2020-06-29,57.0,-1.1388526886811035,-1.1219817829588408
KMAZ,2020-06-30,57.1,-1.1337697945353375,-1.1194916111380024
KMAZ,2020-07-02,57.5,-1.1134382179522748,-1.1165957738220413
KMAZ,2020-07-03,57.1,-1.1337697945353375,-1.1133004351486662
KMAZ,2020-07-06,57.8,-1.098189535514978,-1.1096117278754463
KMAZ,2020-07-07,57.4,-1.1185211120980407,-1.1055357533763086
KMAZ,2020-07-08,56.8,-1.149018476972635,-1.1010785816423123
KMAZ,2020-07-09,56.8,-1.149018476972635,-1.0962462512817552
KMAZ,2020-07-10,56.2,-1.179515841847229,-1.091044769520309
KMAZ,2020-07-13,58.7,-1.0524434882030862,-1.0854801122004432
KMAZ,2020-07-14,57.8,-1.098189535514978,-1.079558223782655
KMAZ,2020-07-15,57.8,-1.098189535514978,-1.0732850173436503
KMAZ,2020-07-16,58.1,-1.0829408530776805,-1.0666663745787304
KMAZ,2020-07-17,58.5,-1.0626092764946178,-1.0597081457978987
KMAZ,2020-07-20,58.3,-1.0727750647861494,-1.0524161499313465
KMAZ,2020-07-21,58.2,-1.0778579589319148,-1.0447961745241798
KMAZ,2020-07-22,58.2,-1.0778579589319148,-1.036853975740442
KMAZ,2020-07-23,58.0,-1.0880237472234464,-1.0285952783594894
KMAZ,2020-07-24,58.1,-1.0829408530776805,-1.0200257757798425
KMAZ,2020-07-27,57.7,-1.1032724296607432,-1.011151130015648
KMAZ,2020-07-28,57.6,-1.1083553238065091,-1.0019769716989515
KMAZ,2020-07-29,60.0,-0.9863658643081322,-0.9925089000793008
KMAZ,2020-07-30,59.5,-1.0117803350369607,-0.9827524830232051
KMAZ,2020-07-31,57.7,-1.1032724296607432,-0.9727132570137655
KMAZ,2020-08-03,58.2,-1.0778579589319148,-0.9623967271520826
KMAZ,2020-08-04,58.4,-1.0676921706403837,-0.9518083671559481
KMAZ,2020-08-05,58.5,-1.0626092764946178,-0.9409536193605135
KMAZ,2020-08-06,58.6,-1.057526382348852,-0.9298378947187871
KMAZ,2020-08-07,65.7,-0.6966408979994869,-0.918466572800142
KMAZ,2020-08-10,64.9,-0.7373040511656125,-0.9068450017909129
KMAZ,2020-08-11,63.8,-0.7932158867690356,-0.8949784984962008
KMAZ,2020-08-12,65.0,-0.732221157019847,-0.8828723483354395
KMAZ,2020-08-13,64.8,-0.7423869453113786,-0.8705318053489037
KMAZ,2020-08-14,65.4,-0.711889580436784,-0.8579620921910447
KMAZ,2020-08-17,64.2,-0.7728843101859726,-0.8451684001350941
KMAZ,2020-08-18,63.5,-0.8084645692063326,-0.8485133991395202
KMAZ,2020-08-19,66.8,-0.6407290623960645,-0.851718571180001
KMAZ,2020-08-20,64.5,-0.7576356277486755,-0.8547863440306429
KMAZ,2020-08-21,64.4,-0.762718521894441,-0.8577191278582319
KMAZ,2020-08-24,64.3,-0.7678014160402071,-0.8605193152250337
KMAZ,2020-08-25,63.9,-0.7881329926232699,-0.8631892810880544
KMAZ,2020-08-26,63.3,-0.8186303574978642,-0.8657313827972786
KMAZ,2020-08-27,64.7,-0.747469839457144,-0.8681479600988808
KMAZ,2020-08-28,63.9,-0.7881329926232699,-0.8704413351327247
KMAZ,2020-08-31,63.8,-0.7932158867690356,-0.8726138124331868
KMAZ,2020-09-01,63.3,-0.8186303574978642,-0.8746676789293559
KMAZ,2020-09-02,62.3,-0.8694592989555212,-0.8766052039447487
KMAZ,2020-09-03,61.2,-0.9253711345589437,-0.8784286391975797
KMAZ,2020-09-04,61.8,-0.8948737696843497,-0.8801402187998377
KMAZ,2020-09-07,63.1,-0.8287961457893953,-0.8817421592589625
KMAZ,2020-09-08,61.6,-0.905039557975881,-0.8832366594763101
KMAZ,2020-09-09,62.5,-0.8592935106639896,-0.8846259007479205
KMAZ,2020-09-10,62.7,-0.8491277223724581,-0.8859120467642185
KMAZ,2020-09-11,62.6,-0.8542106165182238,-0.8870972436102136
KMAZ,2020-09-14,62.5,-0.8592935106639896,-0.888183619765357
KMAZ,2020-09-15,62.9,-0.8389619340809269,-0.889173286104068
KMAZ,2020-09-16,62.7,-0.8491277223724581,-0.8900683358944264
KMAZ,2020-09-17,63.0,-0.8338790399351611,-0.8908708447991955
KMAZ,2020-09-18,63.2,-0.8237132516436296,-0.8915828708763911
KMAZ,2020-09-21,62.0,-0.8847079813928181,-0.8922064545777459
KMAZ,2020-09-22,62.1,-0.8796250872470524,-0.8927436187503304
KMAZ,2020-09-23,61.7,-0.8999566638301152,-0.893196368634392
KMAZ,2020-09-24,61.5,-0.9101224521216467,-0.8935666918654306
KMAZ,2020-09-25,60.6,-0.955868499433538,-0.893856558473999
KMAZ,2020-09-28,59.9,-0.991448758453898,-0.8940679208844244
KMAZ,2020-09-29,59.7,-1.0016145467454292,-0.8942027139155755
KMAZ,2020-09-30,59.7,-1.0016145467454292,-0.8942628547807203
KMAZ,2020-10-01,59.9,-0.991448758453898,-0.8942502430886066
KMAZ,2020-10-02,59.3,-1.0219461233284923,-0.8941667608412729
KMAZ,2020-10-05,59.4,-1.0168632291827266,-0.8940142724351574
KMAZ,2020-10-06,59.8,-0.9965316525996638,-0.8937946246630872
KMAZ,2020-10-07,59.3,-1.0219461233284923,-0.8935096467099299
KMAZ,2020-10-08,59.3,-1.0219461233284923,-0.893161150156601
KMAZ,2020-10-09,59.6,-1.006697440891195,-0.8927509289781881
KMAZ,2020-10-12,60.3,-0.9711171818708353,-0.8922807595439508
KMAZ,2020-10-13,59.4,-1.0168632291827266,-0.891752400618202
KMAZ,2020-10-14,60.2,-0.9762000760166007,-0.8911675933593131
KMAZ,2020-10-15,61.4,-0.9152053462674125,-0.8905280613201683
KMAZ,2020-10-16,62.0,-0.8847079813928181,-0.8898355104484494
KMAZ,2020-10-19,62.4,-0.8643764048097554,-0.8890916290861242
KMAZ,2020-10-20,61.8,-0.8948737696843497,-0.88829808796973
KMAZ,2020-10-21,61.8,-0.8948737696843497,-0.8874565402301187
KMAZ,2020-10-22,61.7,-0.8999566638301152,-0.8865686213927972
KMAZ,2020-10-23,61.4,-0.9152053462674125,-0.8856359493780133
KMAZ,2020-10-26,61.2,-0.9253711345589437,-0.8846601245000443
KMAZ,2020-10-27,60.5,-0.9609513935793037,-0.8836427294680504
KMAZ,2020-10-28,59.3,-1.0219461233284923,-0.8825853293854209
KMAZ,2020-10-29,58.5,-1.0626092764946178,-0.8814894717504558
KMAZ,2020-10-30,57.7,-1.1032724296607432,-0.8803566864551726
KMAZ,2020-11-02,57.9,-1.093106641369212,-0.8791884857869263
KMAZ,2020-11-03,58.0,-1.0880237472234464,-0.8779863644271586
KMAZ,2020-11-05,59.7,-1.0016145467454292,-0.8767517994518528
KMAZ,2020-11-06,60.8,-0.9457027111420068,-0.875486250331619
KMAZ,2020-11-09,61.2,-0.9253711345589437,-0.8741911589310121
KMAZ,2020-11-10,61.0,-0.9355369228504752,-0.872867949510379
KMAZ,2020-11-11,61.7,-0.8999566638301152,-0.8715180287229032
KMAZ,2020-11-12,61.3,-0.9202882404131782,-0.8701427856175883
KMAZ,2020-11-13,61.2,-0.9253711345589437,-0.8687435916372408
KMAZ,2020-11-16,61.1,-0.9304540287047095,-0.8673218006194361
KMAZ,2020-11-17,64.4,-0.762718521894441,-0.865878748796149
KMAZ,2020-11-18,63.9,-0.7881329926232699,-0.8644157547940381
KMAZ,2020-11-19,63.3,-0.8186303574978642,-0.8629341196338771
KMAZ,2020-11-20,61.5,-0.9101224521216467,-0.8614351267313509
KMAZ,2020-11-23,62.9,-0.8389619340809269,-0.8599200418965722
KMAZ,2020-11-24,63.6,-0.8033816750605668,-0.8583901133335701
KMAZ,2020-11-25,63.5,-0.8084645692063326,-0.8568465716420235
KMAZ,2020-11-26,63.4,-0.8135474633520984,-0.8552906298148457
KMAZ,2020-11-27,63.9,-0.7881329926232699,-0.8537234832403442
KMAZ,2020-11-30,63.7,-0.7982987809148011,-0.852146309701169
KMAZ,2020-12-01,64.5,-0.7576356277486755,-0.8505602693739718
KMAZ,2020-12-02,66.0,-0.68139221556219,-0.8489665048305142
KMAZ,2020-12-03,65.5,-0.7068066862910185,-0.8473661410367299
KMAZ,2020-12-04,65.9,-0.6864751097079554,-0.8457602853532649
KMAZ,2020-12-07,65.6,-0.7017237921452532,-0.8441500275351643
KMAZ,2020-12-08,65.1,-0.7271382628740817,-0.8425364397313047
KMAZ,2020-12-09,65.0,-0.732221157019847,-0.8409205764863543
KMAZ,2020-12-10,63.7,-0.7982987809148011,-0.8393034747387276
KMAZ,2020-12-11,64.3,-0.7678014160402071,-0.8376861538213518
KMAZ,2020-12-14,63.9,-0.7881329926232699,-0.8360696154618665
KMAZ,2020-12-15,64.6,-0.7525527336029102,-0.834454843782197
KMAZ,2020-12-16,64.5,-0.7576356277486755,-0.8328428052987249
KMAZ,2020-12-17,64.1,-0.7779672043317387,-0.8312344489226575
KMAZ,2020-12-18,64.2,-0.7728843101859726,-0.8296307059594312
KMAZ,2020-12-21,62.4,-0.8643764048097554,-0.8280324901087965
KMAZ,2020-12-22,64.0,-0.7830500984775041,-0.8264406974658414
KMAZ,2020-12-23,63.8,-0.7932158867690356,-0.8248562065192573
KMAZ,2020-12-24,62.8,-0.8440448282266927,-0.8232798781523911
KMAZ,2020-12-25,63.7,-0.7982987809148011,-0.8217125556436429
KMAZ,2020-12-28,64.0,-0.7830500984775041,-0.8201550646652436
KMAZ,2020-12-29,63.9,-0.7881329926232699,-0.81860821328425
KMAZ,2020-12-30,64.7,-0.747469839457144,-0.8170727919622607
KMAZ,2021-01-04,64.9,-0.7373040511656125,-0.8155495735552165
KMAZ,2021-01-05,65.1,-0.7271382628740817,-0.814039313313998
KMAZ,2021-01-06,65.0,-0.732221157019847,-0.8125427488828336
KMAZ,2021-01-08,65.1,-0.7271382628740817,-0.8110606003019427
KMAZ,2021-01-11,64.8,-0.7423869453113786,-0.8095935700049779
KMAZ,2021-01-12,64.9,-0.7373040511656125,-0.8081423428206165
KMAZ,2021-01-13,64.7,-0.747469839457144,-0.8067075859719921
KMAZ,2021-01-14,64.7,-0.747469839457144,-0.8052899490761831
KMAZ,2021-01-15,64.6,-0.7525527336029102,-0.8038900641455484
KMAZ,2021-01-18,64.9,-0.7373040511656125,-0.8025085455866474
KMAZ,2021-01-19,64.8,-0.7423869453113786,-0.8011459902006095
KMAZ,2021-01-20,64.6,-0.7525527336029102,-0.7998029771823951
KMAZ,2021-01-21,64.1,-0.7779672043317387,-0.7984800681227284
KMAZ,2021-01-22,63.2,-0.8237132516436296,-0.7971778070053688
KMAZ,2021-01-25,62.9,-0.8389619340809269,-0.795896720209953
KMAZ,2021-01-26,63.8,-0.7932158867690356,-0.7946373165097782
KMAZ,2021-01-27,62.9,-0.8389619340809269,-0.7934000870729534
KMAZ,2021-01-28,62.6,-0.8542106165182238,-0.7921855054617168
KMAZ,2021-01-29,62.4,-0.8643764048097554,-0.7909940276334453
KMAZ,2021-02-01,62.4,-0.8643764048097554,-0.7898260919394318
KMAZ,2021-02-02,63.2,-0.8237132516436296,-0.7886821191258093
KMAZ,2021-02-03,62.8,-0.8440448282266927,-0.7875625123328547
KMAZ,2021-02-04,63.9,-0.7881329926232699,-0.7864676570958551
KMAZ,2021-02-05,63.5,-0.8084645692063326,-0.7853979213443836
KMAZ,2021-02-08,63.6,-0.8033816750605668,-0.7843536554025121
KMAZ,2021-02-09,63.3,-0.8186303574978642,-0.7833351919883
KMAZ,2021-02-10,63.9,-0.7881329926232699,-0.7823428462150446
KMAZ,2021-02-11,63.8,-0.7932158867690356,-0.7813769155903714
KMAZ,2021-02-12,63.3,-0.8186303574978642,-0.7804376800161776
KMAZ,2021-02-15,63.8,-0.7932158867690356,-0.7795254017892432
KMAZ,2021-02-16,63.6,-0.8033816750605668,-0.7786403255999375
KMAZ,2021-02-17,63.5,-0.8084645692063326,-0.7777826785344217
KMAZ,2021-02-18,62.9,-0.8389619340809269,-0.7769526700723617
KMAZ,2021-02-19,63.2,-0.8237132516436296,-0.7761504920884619
KMAZ,2021-02-20,63.6,-0.8033816750605668,-0.77537631885167
KMAZ,2021-02-22,62.8,-0.8440448282266927,-0.7746303070258733
KMAZ,2021-02-24,62.9,-0.8389619340809269,-0.7739125956684063
KMAZ,2021-02-25,63.0,-0.8338790399351611,-0.7732233062324951
KMAZ,2021-02-26,62.2,-0.8745421931012867,-0.7725625425644438
KMAZ,2021-03-01,64.2,-0.7728843101859726,-0.7719303909062347
KMAZ,2021-03-02,64.8,-0.7423869453113786,-0.7713269198939372
KMAZ,2021-03-03,64.6,-0.7525527336029102,-0.7707521805579205
KMAZ,2021-03-04,64.1,-0.7779672043317387,-0.7702062063230528
KMAZ,2021-03-05,64.2,-0.7728843101859726,-0.7696890130089855
KMAZ,2021-03-09,64.6,-0.7525527336029102,-0.7692005988299684
KMAZ,2021-03-10,64.5,-0.7576356277486755,-0.7687409443944659
KMAZ,2021-03-11,64.6,-0.7525527336029102,-0.7683100127051006
KMAZ,2021-03-12,64.5,-0.7576356277486755,-0.7679077491597894
KMAZ,2021-03-15,65.0,-0.732221157019847,-0.7675340815505933
KMAZ,2021-03-16,64.6,-0.7525527336029102,-0.7671889200637025
KMAZ,2021-03-17,65.1,-0.7271382628740817,-0.7668721572804174
KMAZ,2021-03-18,65.0,-0.732221157019847,-0.7665836681761675
KMAZ,2021-03-19,65.5,-0.7068066862910185,-0.7663233101207538
KMAZ,2021-03-22,65.5,-0.7068066862910185,-0.7660909228793429
KMAZ,2021-03-23,64.6,-0.7525527336029102,-0.7658863286103497
KMAZ,2021-03-24,65.0,-0.732221157019847,-0.7657093318671997
KMAZ,2021-03-25,64.2,-0.7728843101859726,-0.7655597195986275
KMAZ,2021-03-26,65.0,-0.732221157019847,-0.7654372611467437
KMAZ,2021-03-29,65.0,-0.732221157019847,-0.7522866051808967
KMAZ,2021-03-30,64.6,-0.7525527336029102,-0.7393636435228066
KMAZ,2021-03-31,64.7,-0.747469839457144,-0.7266671087437058
KMAZ,2021-04-01,64.9,-0.7373040511656125,-0.7141957158105334
KMAZ,2021-04-02,65.3,-0.7169724745825501,-0.7019481620840318
KMAZ,2021-04-05,65.4,-0.711889580436784,-0.6899231273197255
KMAZ,2021-04-06,65.1,-0.7271382628740817,-0.678119273667113
KMAZ,2021-04-07,65.0,-0.732221157019847,-0.6665352456712004
KMAZ,2021-04-08,67.1,-0.6254803799587675,-0.6551696702705689
KMAZ,2021-04-09,65.3,-0.7169724745825501,-0.6440211567986969
KMAZ,2021-04-12,65.0,-0.732221157019847,-0.6330882969835756
KMAZ,2021-04-13,65.2,-0.7220553687283154,-0.6223696649476385
KMAZ,2021-04-14,65.3,-0.7169724745825501,-0.6118638172076047
KMAZ,2021-04-15,65.8,-0.6915580038537216,-0.6015692926750764
KMAZ,2021-04-16,66.0,-0.68139221556219,-0.5914846126559978
KMAZ,2021-04-19,69.9,-0.48315934387732723,-0.5816082808507129
KMAZ,2021-04-20,68.2,-0.5695685443553443,-0.5719387833542211
KMAZ,2021-04-21,69.7,-0.49332513216885876,-0.5624745886558782
KMAZ,2021-04-22,70.1,-0.4729935555857964,-0.5532141476395677
KMAZ,2021-04-23,70.4,-0.4577448731484987,-0.5441558935838425
KMAZ,2021-04-26,69.7,-0.49332513216885876,-0.5352982421614562
KMAZ,2021-04-27,70.4,-0.4577448731484987,-0.5266395914400445
KMAZ,2021-04-28,69.9,-0.48315934387732723,-0.5181783218813731
KMAZ,2021-04-29,70.7,-0.4424961907112017,-0.5099127963419907
KMAZ,2021-04-30,69.8,-0.48824223802309336,-0.5018413600725895
KMAZ,2021-05-04,70.8,-0.4374132965654363,-0.4939623407189577
KMAZ,2021-05-05,70.6,-0.44757908485696785,-0.4862740483206577
KMAZ,2021-05-06,70.3,-0.46282776729426484,-0.478774775312447
KMAZ,2021-05-07,70.5,-0.4526619790027333,-0.47146279652282896
KMAZ,2021-05-10,70.0,-0.4780764497315618,-0.4643363691756231
KMAZ,2021-05-11,69.5,-0.5034909204603903,-0.45739373288869295
KMAZ,2021-05-12,68.4,-0.5594027560638128,-0.45063310967434433
KMAZ,2021-05-13,68.3,-0.564485650209579,-0.4440527039394458
KMAZ,2021-05-14,68.5,-0.5543198619180474,-0.4376507024855994
KMAZ,2021-05-17,70.1,-0.4729935555857964,-0.4314252745086361
KMAZ,2021-05-18,71.5,-0.40183303754507627,-0.4253745715990209
KMAZ,2021-05-19,69.8,-0.48824223802309336,-0.41949672774167496
KMAZ,2021-05-20,69.9,-0.48315934387732723,-0.41378985931596163
KMAZ,2021-05-21,70.0,-0.4780764497315618,-0.40825206509589246
KMAZ,2021-05-24,70.5,-0.4526619790027333,-0.4028814262498641
KMAZ,2021-05-25,70.4,-0.4577448731484987,-0.39767600634079364
KMAZ,2021-05-26,70.5,-0.4526619790027333,-0.39263385132615386
KMAZ,2021-05-27,70.2,-0.46791066144003024,-0.38775298955783827
KMAZ,2021-05-28,69.9,-0.48315934387732723,-0.3830314317824029
KMAZ,2021-05-31,70.3,-0.46282776729426484,-0.3784671711404265
KMAZ,2021-06-01,70.2,-0.46791066144003024,-0.37405818316766903
KMAZ,2021-06-02,70.5,-0.4526619790027333,-0.36980242579389194
KMAZ,2021-06-03,73.3,-0.3103409429212937,-0.3656978393435971
KMAZ,2021-06-04,73.6,-0.2950922604839967,-0.36174234653575715
KMAZ,2021-06-07,76.9,-0.1273567536737279,-0.35793385248367293
KMAZ,2021-06-08,76.0,-0.17310280098561953,-0.3542702446953291
KMAZ,2021-06-09,75.0,-0.22393174244327657,-0.3507493930733441
KMAZ,2021-06-10,74.7,-0.23918042488057353,-0.3473691499143878
KMAZ,2021-06-11,75.6,-0.19343437756868265,-0.34412734990987776
KMAZ,2021-06-14,77.0,-0.12227385952796248,-0.34102181014590793
KMAZ,2021-06-15,75.4,-0.20360016586021346,-0.33805033010303587
KMAZ,2021-06-16,74.6,-0.2442633190263397,-0.3352106916557495
KMAZ,2021-06-17,74.3,-0.2595120014636367,-0.3325006590738174
KMAZ,2021-06-18,73.3,-0.3103409429212937,-0.32991797902115166
KMAZ,2021-06-21,74.7,-0.23918042488057353,-0.3274603805560143
KMAZ,2021-06-22,74.2,-0.2645948956094021,-0.32512557513152857
KMAZ,2021-06-23,73.7,-0.2900093663382306,-0.32291125659504655
KMAZ,2021-06-24,74.1,-0.2696777897551682,-0.3208151011883697
KMAZ,2021-06-25,73.3,-0.3103409429212937,-0.3188347675481607
KMAZ,2021-06-28,72.0,-0.3764185668162477,-0.3169678967053005
KMAZ,2021-06-29,72.1,-0.3713356726704823,-0.3152121120850839
KMAZ,2021-06-30,71.7,-0.3916672492535447,-0.3135650195075317
KMAZ,2021-07-01,72.0,-0.3764185668162477,-0.3120242071870786
KMAZ,2021-07-02,73.3,-0.3103409429212937,-0.31058724573271507
KMAZ,2021-07-05,72.4,-0.35608699023318463,-0.3092516881477315
KMAZ,2021-07-06,72.3,-0.36116988437895076,-0.30801506983011634
KMAZ,2021-07-07,72.7,-0.34083830779588764,-0.30687490857238514
KMAZ,2021-07-08,73.2,-0.3154238370670591,-0.30582870456138206
KMAZ,2021-07-09,74.0,-0.2747606839009336,-0.30487394037864557
KMAZ,2021-07-12,74.8,-0.23409753073480813,-0.304008080999911
KMAZ,2021-07-13,75.9,-0.17818569513138494,-0.30322857379571116
KMAZ,2021-07-14,73.9,-0.279843578046699,-0.30253284853114537
KMAZ,2021-07-15,72.0,-0.3764185668162477,-0.30191831736549546
KMAZ,2021-07-16,73.6,-0.2950922604839967,-0.3013823748526561
KMAZ,2021-07-19,71.8,-0.3865843551077793,-0.3009223979411008
KMAZ,2021-07-20,72.2,-0.36625277852471616,-0.30053574597381616
KMAZ,2021-07-21,72.4,-0.35608699023318463,-0.3002197606881848
KMAZ,2021-07-22,72.3,-0.36116988437895076,-0.2999717662161609
KMAZ,2021-07-23,72.6,-0.34592120194165377,-0.29978906908421205
KMAZ,2021-07-26,72.4,-0.35608699023318463,-0.299668958213207
KMAZ,2021-07-27,72.5,-0.35100409608741917,-0.29960870491857905
KMAZ,2021-07-28,72.4,-0.35608699023318463,-0.29960556291033874
KMAZ,2021-07-29,72.3,-0.36116988437895076,-0.29965676829288895
KMAZ,2021-07-30,72.2,-0.36625277852471616,-0.29975953956509505
KMAZ,2021-08-02,72.6,-0.34592120194165377,-0.2999110776205016
KMAZ,2021-08-03,72.5,-0.35100409608741917,-0.30010856574705547
KMAZ,2021-08-04,72.8,-0.33575541365012224,-0.3003491696269873
KMAZ,2021-08-05,72.9,-0.3306725195043561,-0.3006300373374967
KMAZ,2021-08-06,73.4,-0.30525804877552754,-0.300948299349899
KMAZ,2021-08-09,75.1,-0.21884884829751117,-0.3013010685301352
KMAZ,2021-08-10,74.8,-0.23409753073480813,-0.3016854401386035
KMAZ,2021-08-11,75.0,-0.22393174244327657,-0.3020984918303564
KMAZ,2021-08-12,75.2,-0.213765954151745,-0.30253728365470517
KMAZ,2021-08-13,75.7,-0.1883514834229165,-0.3029988580556719
KMAZ,2021-08-16,76.4,-0.15277122440255642,-0.08472447903786029
KMAZ,2021-08-17,76.0,-0.17310280098561953,-0.02935494508169767
KMAZ,2021-08-18,76.5,-0.147688330256791,-0.0838150673357414
KMAZ,2021-08-19,74.5,-0.2493462131721051,-0.19684866765271303
KMAZ,2021-08-20,73.8,-0.2849264721924652,-0.31901857858911115
KMAZ,2021-08-23,75.8,-0.1832685892771511,-0.40270664340542345
KMAZ,2021-08-24,75.6,-0.19343437756868265,-0.4021137160660939
KMAZ,2021-08-25,75.4,-0.20360016586021346,-0.2732596612395475
KMAZ,2021-08-26,75.2,-0.213765954151745,0.026016645701916474
KMAZ,2021-08-27,81.0,0.08104190630266571,0.536057318682017
KMAZ,2021-08-30,94.4,0.7621497218352704,1.2953854609206303
KMAZ,2021-08-31,117.0,1.9108837987783194,1.3460156181239835
KMAZ,2021-09-01,109.6,1.534749631991657,1.385823271831498
KMAZ,2021-09-02,106.6,1.3822628076186858,1.4158444922490727
KMAZ,2021-09-03,113.5,1.7329825036765196,1.4370845291230996
KMAZ,2021-09-06,111.0,1.6059101500323771,1.4505178117403208
KMAZ,2021-09-07,107.1,1.4076772783475144,1.457087948927858
KMAZ,2021-09-08,106.4,1.3720970193271549,1.4577077290530416
KMAZ,2021-09-09,104.3,1.2653562422660747,1.453259120023807
KMAZ,2021-09-10,106.5,1.3771799134729203,1.444593269288271
KMAZ,2021-09-13,110.0,1.55508120857472,1.4325305038349865
KMAZ,2021-09-14,111.2,1.6160759383239087,1.4178603301928556
KMAZ,2021-09-15,107.5,1.4280088549305774,1.4013414344311323
KMAZ,2021-09-16,107.5,1.4280088549305774,1.3837016821594497
KMAZ,2021-09-17,106.5,1.3771799134729203,1.3656381185278186
KMAZ,2021-09-20,101.9,1.1433667827676983,1.347816968226573
KMAZ,2021-09-21,100.5,1.072206264726978,1.330873635486512
KMAZ,2021-09-22,102.9,1.1941957242253554,1.3154127040786414
KMAZ,2021-09-23,107.9,1.4483404315136406,1.3020079373143754
KMAZ,2021-09-24,106.1,1.3568483368898572,1.2912022780456498
KMAZ,2021-09-27,104.3,1.2653562422660747,1.2835078486645228
KMAZ,2021-09-28,106.2,1.3619312310356235,1.2794059511036024
KMAZ,2021-09-29,104.5,1.2755220305576063,1.279347066835791
KMAZ,2021-09-30,104.4,1.2704391364118408,1.155882394866083
KMAZ,2021-10-01,102.7,1.1840299359338238,1.0620633444722478
KMAZ,2021-10-04,102.4,1.1687812534965267,0.9998308122035428
KMAZ,2021-10-05,100.0,1.0467917939981495,0.9709629799688797
KMAZ,2021-10-06,99.5,1.021377323269321,0.9770753150370246
KMAZ,2021-10-07,100.6,1.0772891588727436,1.0196205700362273
KMAZ,2021-10-08,100.0,1.0467917939981495,1.0998887829543635
KMAZ,2021-10-11,102.4,1.1687812534965267,1.219007277139163
KMAZ,2021-10-12,101.7,1.1332009944761667,1.3779406612979241
KMAZ,2021-10-13,101.2,1.107786523747338,1.5774908294975578
KMAZ,2021-10-14,100.9,1.0925378413100413,1.8182969611647715
KMAZ,2021-10-15,113.3,1.7228167153849883,1.854303396101491
KMAZ,2021-10-18,127.5,2.4445876840837184,1.887797610552012
KMAZ,2021-10-19,122.8,2.20569165923273,1.9187199288039705
KMAZ,2021-10-20,121.0,2.1141995646089478,1.9470165294791342
KMAZ,2021-10-21,114.5,1.7838114451341767,1.97263944553323
KMAZ,2021-10-22,121.6,2.1446969294835414,1.9955465642560453
KMAZ,2021-10-25,118.0,1.9617127402359764,2.015701627271299
KMAZ,2021-10-26,121.4,2.1345311411920105,2.0330742305367973
KMAZ,2021-10-27,121.9,2.1599456119208393,2.0476398243443508
KMAZ,2021-10-28,118.5,1.987127210964805,2.059379713319744
KMAZ,2021-10-29,116.5,1.8854693280494907,2.068281056422849
KMAZ,2021-11-01,119.4,2.0328732582766964,2.074336866947512
KMAZ,2021-11-02,118.9,2.007458787547868,2.077546012521541
KMAZ,2021-11-03,118.6,1.9922101051105703,2.0779132151068875
KMAZ,2021-11-05,117.9,1.956629846090211,2.075449050999393
KMAZ,2021-11-08,121.0,2.1141995646089478,2.070169950829015
KMAZ,2021-11-09,120.1,2.0684535172970557,2.062098199559628
KMAZ,2021-11-10,125.7,2.3530955894599357,2.05126193648924
KMAZ,2021-11-11,123.0,2.215857447524262,2.037695155249745
KMAZ,2021-11-12,122.9,2.210774553378496,2.021437703807155
KMAZ,2021-11-15,122.5,2.190442976795433,2.0025352844614557
KMAZ,2021-11-16,120.7,2.0989508821716507,1.9810394538466505
KMAZ,2021-11-17,120.7,2.0989508821716507,1.9570076229307676
KMAZ,2021-11-18,119.6,2.0430390465682273,1.9305030570158432
KMAZ,2021-11-19,117.6,1.9413811636529132,1.9015948757379113
KMAZ,2021-11-22,112.6,1.687236456364628,1.8703580530670867
KMAZ,2021-11-23,116.5,1.8854693280494907,1.8368734173074066
KMAZ,2021-11-24,116.0,1.8600548573206623,1.8012276510970064
KMAZ,2021-11-25,114.8,1.7990601275714737,1.7635132914079859
KMAZ,2021-11-26,110.4,1.5754127851577833,1.723828729546473
KMAZ,2021-11-29,110.8,1.5957443617408456,1.6822782111526295
KMAZ,2021-11-30,108.7,1.489003584679766,1.6389718362006302
KMAZ,2021-12-01,108.0,1.453423325659406,1.5940255589986327
KMAZ,2021-12-02,107.4,1.422925960784812,1.5475611881888498
KMAZ,2021-12-03,107.0,1.402594384201749,1.4997063867474871
KMAZ,2021-12-06,101.1,1.102703629601572,1.450594671984771
KMAZ,2021-12-07,106.0,1.351765442744092,1.400365415544957
KMAZ,2021-12-08,105.1,1.3060193954322001,1.349163843406291
KMAZ,2021-12-09,104.9,1.2958536071406694,1.2971410358810511
KMAZ,2021-12-10,103.8,1.2399417715372463,1.244453927615538
KMAZ,2021-12-13,100.9,1.0925378413100413,1.191265307590052
KMAZ,2021-12-14,100.6,1.0772891588727436,1.1377438191189226
KMAZ,2021-12-15,103.0,1.1992786183711208,1.084063959850479
KMAZ,2021-12-16,106.0,1.351765442744092,1.0304060817670835
KMAZ,2021-12-17,106.4,1.3720970193271549,1.1149000800898934
KMAZ,2021-12-20,105.2,1.3111022895779665,1.1906120067556372
KMAZ,2021-12-21,105.6,1.3314338661610288,1.2578412981636427
KMAZ,2021-12-22,107.4,1.422925960784812,1.3168932274417606
KMAZ,2021-12-23,106.3,1.3670141251813888,1.3680789044463506
KMAZ,2021-12-24,106.0,1.351765442744092,1.4117152757622917
KMAZ,2021-12-27,105.0,1.300936501286435,1.4481251247029825
KMAZ,2021-12-28,104.6,1.2806049247033717,1.477637071310326
KMAZ,2021-12-29,104.7,1.2856878188491379,1.5005855723547576
KMAZ,2021-12-30,105.0,1.300936501286435,1.5173109213352136
KMAZ,2022-01-03,110.8,1.5957443617408456,1.528159248479156
KMAZ,2022-01-04,110.9,1.6008272558866117,1.5334825207425595
KMAZ,2022-01-05,110.0,1.55508120857472,1.5336385418099154
KMAZ,2022-01-06,107.2,1.4127601724932806,1.5289909520942297
KMAZ,2022-01-10,112.4,1.6770706680730973,1.5199092287370246
KMAZ,2022-01-11,113.3,1.7228167153849883,1.5067686856083413
KMAZ,2022-01-12,114.1,1.7634798685511137,1.4899504733067335
KMAZ,2022-01-13,110.5,1.5804956793035485,1.4698415791592718
KMAZ,2022-01-14,107.1,1.4076772783475144,1.4468348272215419
KMAZ,2022-01-17,110.0,1.55508120857472,1.4213288782776496
KMAZ,2022-01-18,103.8,1.2399417715372463,1.3937282298402125
KMAZ,2022-01-19,106.0,1.351765442744092,1.3644432161503652
KMAZ,2022-01-20,107.4,1.422925960784812,1.3471796653179893
KMAZ,2022-01-21,106.3,1.3670141251813888,1.3308151500612246
KMAZ,2022-01-24,101.1,1.102703629601572,1.3153261412550021
KMAZ,2022-01-25,100.8,1.0874549471642752,1.300689109774257
KMAZ,2022-01-26,103.4,1.2196101949541838,1.2868805264939218
KMAZ,2022-01-27,104.2,1.2602733481203092,1.2738768622889292
KMAZ,2022-01-28,105.8,1.3415996544525604,1.261654588034212
KMAZ,2022-01-31,106.4,1.3720970193271549,1.2501901746047017
KMAZ,2022-02-01,105.4,1.3212680778694978,1.239460092875332
KMAZ,2022-02-02,103.7,1.2348588773914808,1.2294408137210384
KMAZ,2022-02-03,102.8,1.1891128300795892,1.220108808016751
KMAZ,2022-02-04,103.6,1.2297759832457147,1.2114405466374016
KMAZ,2022-02-07,102.7,1.1840299359338238,1.2034125004579268
KMAZ,2022-02-08,103.7,1.2348588773914808,1.1960011403532569
KMAZ,2022-02-09,104.2,1.2602733481203092,1.1891829371983258
KMAZ,2022-02-10,108.2,1.4635891139509376,1.1829343618680657
KMAZ,2022-02-11,106.1,1.3568483368898572,1.1772318852374095
KMAZ,2022-02-14,104.2,1.2602733481203092,1.1720519781812913
KMAZ,2022-02-15,106.4,1.3720970193271549,1.1673711115746421
KMAZ,2022-02-16,107.2,1.4127601724932806,1.163165756292396
KMAZ,2022-02-17,104.9,1.2958536071406694,1.159412383209486
KMAZ,2022-02-18,104.7,1.2856878188491379,1.156087463200845
KMAZ,2022-02-21,93.3,0.7062378862318472,1.1531674671414054
KMAZ,2022-02-22,91.9,0.6350773681911278,1.1506288659061
KMAZ,2022-02-24,72.9,-0.3306725195043561,1.1484481303698617
KMAZ,2022-02-25,81.5,0.10645637703149423,1.1466017314076247
KMAZ,2022-03-28,101.5,1.1230352061846351,1.145066139894321
KMAZ,2022-03-29,117.9,1.956629846090211,1.1438178267048835
KMAZ,2022-03-30,111.3,1.621158832469674,1.1428332627142446
KMAZ,2022-03-31,108.4,1.473754902242469,1.1420889187973362
KMAZ,2022-04-01,105.9,1.3466825485983265,1.1415612658290923
KMAZ,2022-04-04,104.4,1.2704391364118408,1.1412267746844496
KMAZ,2022-04-05,100.6,1.0772891588727436,1.1410619162383346
KMAZ,2022-04-06,100.2,1.056957582289681,1.1410431613656842
KMAZ,2022-04-07,101.0,1.0976207354558067,1.1411469809414303
KMAZ,2022-04-08,101.3,1.1128694178931036,1.1413498458405043
KMAZ,2022-04-11,101.5,1.1230352061846351,1.1416282269378417
KMAZ,2022-04-12,102.8,1.1891128300795892,1.1419585951083722
KMAZ,2022-04-13,102.9,1.1941957242253554,1.142317421227033
KMAZ,2022-04-14,100.3,1.0620404764354465,1.1426811761687539
KMAZ,2022-04-15,100.1,1.051874688143915,1.1430263308084685
KMAZ,2022-04-18,100.1,1.051874688143915,1.1433293560211109
KMAZ,2022-04-19,99.5,1.021377323269321,1.1435667226816113
KMAZ,2022-04-20,99.1,1.001045746686258,1.1437149016649046
KMAZ,2022-04-21,103.6,1.2297759832457147,1.143750363845923
KMAZ,2022-04-22,103.6,1.2297759832457147,1.1436495800995994
KMAZ,2022-04-25,102.2,1.1586154652049951,1.1433890213008677
KMAZ,2022-04-26,103.0,1.1992786183711208,1.1429451583246593
KMAZ,2022-04-27,104.0,1.2501075598287779,1.1422944620459088
KMAZ,2022-04-28,102.5,1.1738641476422922,1.1414134033395484
KMAZ,2022-04-29,103.0,1.1992786183711208,1.1402784530805086
KMAZ,2022-05-04,102.7,1.1840299359338238,1.1388660821437275
KMAZ,2022-05-05,102.3,1.1636983593507606,1.1371527614041312
KMAZ,2022-05-06,102.1,1.153532571059229,1.135114961736658
KMAZ,2022-05-11,101.9,1.1433667827676983,1.13272915401624
KMAZ,2022-05-12,101.6,1.1281181003304006,1.1299718091178077
KMAZ,2022-05-13,100.8,1.0874549471642752,1.1268193979162966
KMAZ,2022-05-16,103.7,1.2348588773914808,1.1232483912866398
KMAZ,2022-05-17,104.0,1.2501075598287779,1.1192352601037667
KMAZ,2022-05-18,103.1,1.204361512516886,1.1147564752426122
KMAZ,2022-05-19,102.5,1.1738641476422922,1.1097885075781102
KMAZ,2022-05-20,102.0,1.1484496769134638,1.1043078279851937
KMAZ,2022-05-23,101.3,1.1128694178931036,1.0982909073387939
KMAZ,2022-05-24,100.5,1.072206264726978,1.091714216513843
KMAZ,2022-05-25,100.8,1.0874549471642752,1.0845542263852774
KMAZ,2022-05-26,100.6,1.0772891588727436,1.0767874078280268
KMAZ,2022-05-27,100.3,1.0620404764354465,1.0683902317170269
KMAZ,2022-05-30,99.9,1.0417088998523842,1.0593391689272087
KMAZ,2022-05-31,99.6,1.0264602174150865,1.0496106903335027
KMAZ,2022-06-01,100.5,1.072206264726978,1.0391812668108464
KMAZ,2022-06-02,99.6,1.0264602174150865,1.0280273692341702
KMAZ,2022-06-03,98.3,0.9603825935201324,1.0161254684784078
KMAZ,2022-06-06,98.4,0.9654654876658986,1.0034520354184924
KMAZ,2022-06-07,98.0,0.9451339110828355,0.989983540929356
KMAZ,2022-06-08,98.3,0.9603825935201324,0.9756964558859318
KMAZ,2022-06-09,98.4,0.9654654876658986,0.9605672511631527
KMAZ,2022-06-10,97.1,0.8993878637709438,0.9445723976359526
KMAZ,2022-06-14,96.7,0.8790562871878814,0.927688366179261
KMAZ,2022-06-15,96.0,0.8434760281675214,0.9098916276680153
KMAZ,2022-06-16,98.0,0.9451339110828355,0.891158652977146
KMAZ,2022-06-17,96.9,0.889222075479413,0.8714659129815843
KMAZ,2022-06-20,96.9,0.889222075479413,0.8507898785562693
KMAZ,2022-06-21,96.7,0.8790562871878814,0.829107020576128
KMAZ,2022-06-22,95.8,0.8333102398759898,0.8063938099160914
KMAZ,2022-06-23,94.7,0.7773984042725673,0.7826267174510999
KMAZ,2022-06-24,94.2,0.7519839335437388,0.7577822140560802
KMAZ,2022-06-27,94.7,0.7773984042725673,0.7318367706059696
KMAZ,2022-06-28,94.6,0.7723155101268012,0.7047668579756965
KMAZ,2022-06-29,92.9,0.6859063096487849,0.6765489470401986
KMAZ,2022-06-30,88.8,0.4775076496723905,0.6471595086744077
KMAZ,2022-07-01,89.3,0.5029221204012191,0.6165750137532502
KMAZ,2022-07-04,91.9,0.6350773681911278,0.5847719331516688
KMAZ,2022-07-05,89.2,0.4978392262554536,0.5517267377445889
KMAZ,2022-07-06,92.0,0.6401602623368932,0.517415898406949
KMAZ,2022-07-07,90.9,0.5842484267334708,0.48181588601367853
KMAZ,2022-07-08,90.5,0.5639168501504076,0.44490317143970826
KMAZ,2022-07-11,89.8,0.5283365911300476,0.4066542255599779
KMAZ,2022-07-12,88.2,0.4470102847977966,0.3670455192494124
KMAZ,2022-07-13,86.5,0.36060108431977944,0.3260535233829529
KMAZ,2022-07-14,86.1,0.3402695077367163,0.24967814163602498
KMAZ,2022-07-15,85.5,0.3097721428621224,0.18917570877795464
KMAZ,2022-07-18,85.9,0.3301037194451855,0.14505683909077538
KMAZ,2022-07-19,83.0,0.1826997892179798,0.11783214685651
KMAZ,2022-07-20,80.8,0.07087611801113415,0.10801224635719464
KMAZ,2022-07-21,79.8,0.0200471765534771,0.11610775187485167
KMAZ,2022-07-22,81.2,0.09120769459419725,0.14262927769150702
KMAZ,2022-07-25,81.5,0.10645637703149423,0.18808743808919637
KMAZ,2022-07-26,82.7,0.1674511067806828,0.252992847349943
KMAZ,2022-07-27,86.0,0.3351866135909509,0.337856119755779
KMAZ,2022-07-28,85.5,0.3097721428621224,0.4431878695887317
KMAZ,2022-07-29,86.7,0.370766872611311,0.45743868650672903
KMAZ,2022-08-01,94.8,0.7824812984183328,0.47198370354240415
KMAZ,2022-08-02,92.5,0.6655747330657218,0.4867427034944871
KMAZ,2022-08-03,91.1,0.5944142150250016,0.5016327372062466
KMAZ,2022-08-04,87.2,0.39618134334013955,0.5165681235654609
KMAZ,2022-08-05,81.9,0.12678795361455733,0.5314604495044257
KMAZ,2022-08-08,87.0,0.38601555504860796,0.5462185699999713
KMAZ,2022-08-09,91.3,0.6045800033165332,0.5607486080734361
KMAZ,2022-08-10,89.6,0.518170802838516,0.5749539547906912
KMAZ,2022-08-11,89.3,0.5029221204012191,0.5887352692621131
KMAZ,2022-08-12,90.6,0.5689997442961731,0.6019904786426165
KMAZ,2022-08-15,92.4,0.6604918389199563,0.6146147781316222
KMAZ,2022-08-16,92.2,0.6503260506284247,0.6265006309730763
KMAZ,2022-08-17,91.5,0.6147457916080646,0.6375377684554526
KMAZ,2022-08-18,90.6,0.5689997442961731,0.6476131899117348
KMAZ,2022-08-19,90.1,0.5435852735673445,0.656611162719438
KMAZ,2022-08-22,89.9,0.5334194852758137,0.664413222300591
KMAZ,2022-08-23,92.0,0.6401602623368932,0.6708981721217424
KMAZ,2022-08-24,90.8,0.5791655325877046,0.6759420836939689
KMAZ,2022-08-25,90.5,0.5639168501504076,0.6794182965728588
KMAZ,2022-08-26,90.1,0.5435852735673445,0.6811974183585311
KMAZ,2022-08-29,90.9,0.5842484267334708,0.6811473246956171
KMAZ,2022-08-30,90.5,0.5639168501504076,0.6791331592732726
KMAZ,2022-08-31,91.1,0.5944142150250016,0.6750173338251748
KMAZ,2022-09-01,90.4,0.5588339560046423,0.6686595281295199
KMAZ,2022-09-02,90.4,0.5588339560046423,0.6599166900090291
KMAZ,2022-09-05,90.8,0.5791655325877046,0.648643035330937
KMAZ,2022-09-06,91.0,0.5893313208792361,0.6346900480070016
KMAZ,2022-09-07,91.7,0.6249115798995962,0.617906479993511
KMAZ,2022-09-08,92.4,0.6604918389199563,0.5981383512912566
KMAZ,2022-09-09,92.2,0.6503260506284247,0.5752289499455674
KMAZ,2022-09-12,92.4,0.6604918389199563,0.5490188320462845
KMAZ,2022-09-13,91.1,0.5944142150250016,0.5193458217277682
KMAZ,2022-09-14,90.5,0.5639168501504076,0.4860450111689081
KMAZ,2022-09-15,95.3,0.8078957691471613,0.4489487605931033
KMAZ,2022-09-16,93.8,0.7316523569606758,0.40788669826828683
KMAZ,2022-09-19,92.3,0.6554089447741902,0.36268572050689885
KMAZ,2022-09-20,84.5,0.25894320140446536,0.31316999166590853
KMAZ,2022-09-21,85.8,0.3250208252994194,0.2591609441468073
KMAZ,2022-09-22,85.5,0.3097721428621224,0.20047727839559804
KMAZ,2022-09-23,82.7,0.1674511067806828,0.13693496290281815
KMAZ,2022-09-26,77.9,-0.07652781221607086,0.06834723420351214
KMAZ,2022-09-27,77.9,-0.07652781221607086,-0.005475403122743177
KMAZ,2022-09-28,77.4,-0.10194228294489938,-0.08472517645185729
KMAZ,2022-09-29,74.3,-0.2595120014636367,-0.05243665929906141
KMAZ,2022-09-30,76.9,-0.1273567536737279,-0.021470147391791095
KMAZ,2022-10-03,79.8,0.0200471765534771,0.008181176148713276
KMAZ,2022-10-04,79.0,-0.02061597661264839,0.036525060219747774
KMAZ,2022-10-05,78.6,-0.0409475531957115,0.06357018573710915
KMAZ,2022-10-06,78.1,-0.06636202392454002,0.08932616563511286
KMAZ,2022-10-07,76.9,-0.1273567536737279,0.11380354486660182
KMAZ,2022-10-10,77.1,-0.11719096538219707,0.13701380040291544
KMAZ,2022-10-11,84.8,0.27419188384176235,0.15896934123392925
KMAZ,2022-10-12,84.5,0.25894320140446536,0.17968350836801594
KMAZ,2022-10-13,84.0,0.23352873067563684,0.19917057483208023
KMAZ,2022-10-14,83.4,0.2030313658010429,0.21744574567153685
KMAZ,2022-10-17,85.2,0.29452346042482547,0.23452515795030515
KMAZ,2022-10-18,85.8,0.3250208252994194,0.2504258807508437
KMAZ,2022-10-19,84.3,0.2487774131129338,0.2651659151741037
KMAZ,2022-10-20,87.5,0.4114300257774365,0.27876419433956867
KMAZ,2022-10-21,86.5,0.36060108431977944,0.29124058338523207
KMAZ,2022-10-24,87.2,0.39618134334013955,0.30261587946759594
KMAZ,2022-10-25,89.0,0.4876734379639221,0.31291181176169536
KMAZ,2022-10-26,88.3,0.452093178943562,0.3221510414610642
KMAZ,2022-10-27,89.5,0.5130879086927506,0.3303571617777643
KMAZ,2022-10-28,88.2,0.4470102847977966,0.3375546979423647
KMAZ,2022-10-31,88.1,0.44192739065203046,0.34376910720395837
KMAZ,2022-11-01,88.5,0.4622589672350936,0.3490267788301491
KMAZ,2022-11-02,87.9,0.4317616023604996,0.3533550341070524
KMAZ,2022-11-03,86.8,0.37584976675707643,0.35678212633931405
KMAZ,2022-11-07,88.6,0.467341861380859,0.3593372408500768
KMAZ,2022-11-08,89.0,0.4876734379639221,0.36105049498101893
KMAZ,2022-11-09,86.6,0.3656839784655449,0.3619529380923221
KMAZ,2022-11-10,87.2,0.39618134334013955,0.3620765515626809
KMAZ,2022-11-11,86.9,0.38093266090284256,0.3614542487893204
KMAZ,2022-11-14,86.3,0.3504352960282479,0.3601198751879644
KMAZ,2022-11-15,86.3,0.3504352960282479,0.35810820819286704
KMAZ,2022-11-16,86.1,0.3402695077367163,0.35545495725679555
KMAZ,2022-11-17,85.5,0.3097721428621224,0.35219676385101906
KMAZ,2022-11-18,85.4,0.304689248716357,0.3483712014653455
KMAZ,2022-11-21,83.8,0.22336294238410528,0.34401677560807453
KMAZ,2022-11-22,84.3,0.2487774131129338,0.339172923806049
KMAZ,2022-11-23,84.9,0.2792747779875285,0.3338800156046027
KMAZ,2022-11-24,87.5,0.4114300257774365,0.32817935256759423
KMAZ,2022-11-25,85.5,0.3097721428621224,0.3221131682774079
KMAZ,2022-11-28,85.4,0.304689248716357,0.31572462833492754
KMAZ,2022-11-29,84.6,0.26402609555023077,0.30905783035956524
KMAZ,2022-11-30,84.6,0.26402609555023077,0.3021578039892434
KMAZ,2022-12-01,85.3,0.29960635457059087,0.2950705108803984
KMAZ,2022-12-02,84.5,0.25894320140446536,0.28784284470798926
KMAZ,2022-12-05,84.5,0.25894320140446536,0.2805226311654838
KMAZ,2022-12-06,84.0,0.23352873067563684,0.27315862796488055
KMAZ,2022-12-07,83.6,0.21319715409257373,0.26580052483666705
KMAZ,2022-12-08,83.7,0.21828004823833988,0.25849894352987324
KMAZ,2022-12-09,82.8,0.17253400092644824,0.25130543781202963
KMAZ,2022-12-12,82.3,0.14711953019761972,0.24427249346918245
KMAZ,2022-12-13,82.3,0.14711953019761972,0.23745352830591138
KMAZ,2022-12-14,82.0,0.13187084776032276,0.23090289214529225
KMAZ,2022-12-15,80.6,0.06071032971960259,0.2246758668289175
KMAZ,2022-12-16,81.6,0.11153927117725965,0.21882866621691655
KMAZ,2022-12-19,80.2,0.04037875313654021,0.213418436187907
KMAZ,2022-12-20,81.2,0.09120769459419725,0.20850325463904085
KMAZ,2022-12-21,82.4,0.15220242434338585,0.2041421314859777
KMAZ,2022-12-22,82.4,0.15220242434338585,0.2003950086629045
KMAZ,2022-12-23,83.3,0.19794847165527676,0.1973227601225087
KMAZ,2022-12-26,83.9,0.22844583652987144,0.1949871918359971
KMAZ,2022-12-27,85.2,0.29452346042482547,0.19345104179310724
KMAZ,2022-12-28,83.8,0.22336294238410528,0.19277798000206925
KMAZ,2022-12-29,84.2,0.2436945189671684,0.1930326084896512
KMAZ,2022-12-30,83.2,0.19286557750951136,0.1942804613011191
KMAZ,2023-01-03,84.9,0.2792747779875285,0.1857390851886216
KMAZ,2023-01-04,85.2,0.29452346042482547,0.18126333196099415
KMAZ,2023-01-05,84.7,0.2691089896959969,0.18097506303918387
KMAZ,2023-01-06,84.7,0.2691089896959969,0.18499707186267297
KMAZ,2023-01-09,85.2,0.29452346042482547,0.19345308388945417
KMAZ,2023-01-10,85.6,0.3148550370078878,0.20646775659602162
KMAZ,2023-01-11,86.0,0.3351866135909509,0.22416667947741176
KMAZ,2023-01-12,86.1,0.3402695077367163,0.24667637404714843
KMAZ,2023-01-13,86.2,0.3453524018824825,0.2741242938372959
KMAZ,2023-01-16,88.4,0.4571760730893281,0.3066388243984218
KMAZ,2023-01-17,87.6,0.41651291992320194,0.34434928329960235
KMAZ,2023-01-18,87.4,0.4063471316316711,0.38738592012845785
KMAZ,2023-01-19,88.6,0.467341861380859,0.43587991649108876
KMAZ,2023-01-20,87.8,0.42667870821473347,0.4899633860121379
KMAZ,2023-01-23,87.6,0.41651291992320194,0.5497693743347585
KMAZ,2023-01-24,88.5,0.4622589672350936,0.6154318591205998
KMAZ,2023-01-25,88.6,0.467341861380859,0.6870857500498573
KMAZ,2023-01-26,90.1,0.5435852735673445,0.7648668888212204
KMAZ,2023-01-27,89.3,0.5029221204012191,0.8489120491519123
KMAZ,2023-01-30,89.5,0.5130879086927506,0.9393589367776505
KMAZ,2023-01-31,106.7,1.387345701764452,1.0363461894526875
KMAZ,2023-02-01,103.2,1.2094444066626522,1.1400133769497849
KMAZ,2023-02-02,110.1,1.5601641027204856,1.1555205266320057
KMAZ,2023-02-03,105.0,1.300936501286435,1.1697303750479435
KMAZ,2023-02-06,107.3,1.4178430666390458,1.1827852880259082
KMAZ,2023-02-07,106.1,1.3568483368898572,1.1948285634127294
KMAZ,2023-02-08,104.9,1.2958536071406694,1.206004431073738
KMAZ,2023-02-09,102.2,1.1586154652049951,1.2164580528927946
KMAZ,2023-02-10,105.4,1.3212680778694978,1.226335522772276
KMAZ,2023-02-13,105.5,1.3263509720152633,1.2357838666330672
KMAZ,2023-02-14,103.2,1.2094444066626522,1.2449510424145724
KMAZ,2023-02-15,95.7,0.8282273457302244,1.253985940074712
KMAZ,2023-02-16,100.0,1.0467917939981495,1.2630383815899253
KMAZ,2023-02-17,99.5,1.021377323269321,1.2722591209551597
KMAZ,2023-02-20,98.9,0.9908799583947271,1.2817998441838832
KMAZ,2023-02-21,102.1,1.153532571059229,1.2918131693080848
KMAZ,2023-02-22,103.1,1.204361512516886,1.3024526463782675
KMAZ,2023-02-24,103.2,1.2094444066626522,1.3138727574634341
KMAZ,2023-02-27,108.6,1.4839206905339999,1.3262289166511287
KMAZ,2023-02-28,112.3,1.6719877739273312,1.3396774700473948
KMAZ,2023-03-01,111.0,1.6059101500323771,1.3543756957767927
KMAZ,2023-03-02,108.2,1.4635891139509376,1.3704818039824023
KMAZ,2023-03-03,109.2,1.5144180554085946,1.3881549368258321
KMAZ,2023-03-06,110.2,1.5652469968662517,1.4075551684871783
KMAZ,2023-03-07,109.8,1.5449154202831885,1.428843505165073
KMAZ,2023-03-09,109.8,1.5449154202831885,1.452181885076664
KMAZ,2023-03-10,109.0,1.504252267117063,1.4777331784576084
KMAZ,2023-03-13,108.5,1.4788377963882344,1.5056611875620751
KMAZ,2023-03-14,109.3,1.5195009495543599,1.5361306466627624
KMAZ,2023-03-15,109.0,1.504252267117063,1.569307222050874
KMAZ,2023-03-16,109.9,1.5499983144289546,1.6053575120361376
KMAZ,2023-03-17,109.2,1.5144180554085946,1.6444490469467912
KMAZ,2023-03-20,110.5,1.5804956793035485,1.686750289129586
KMAZ,2023-03-21,111.3,1.621158832469674,1.7324306329498
KMAZ,2023-03-22,110.5,1.5804956793035485,1.7816604047912055
KMAZ,2023-03-23,116.4,1.8803864339037255,1.8346108630561169
KMAZ,2023-03-24,117.0,1.9108837987783194,1.8914541981653485
KMAZ,2023-03-27,122.3,2.1802771885039016,1.9523635325582465
KMAZ,2023-03-28,122.6,2.1955258709411987,2.0175129206926457
KMAZ,2023-03-29,121.9,2.1599456119208393,2.0870773490449235
KMAZ,2023-03-30,121.5,2.139614035337776,2.1612327361099535
KMAZ,2023-03-31,119.3,2.0277903641309303,2.2401559324011284
